EventCount,Hosts,Acceleration,"_time",datamodel
0,0,"",1549990028,Alerts
0,0,1,1549990028,"Application_State"
0,0,"",1549990028,Authentication
0,0,"",1549990028,Certificates
0,0,"",1549990028,Change
0,0,"",1549990028,"Change_Analysis"
0,0,"",1549990028,"Compute_Inventory"
0,0,"",1549990028,DLP
0,0,"",1549990028,Databases
0,0,"",1549990028,"Domain_Analysis"
0,0,"",1549990028,Email
0,0,"",1549990028,"Incident_Management"
0,0,"",1549990028,"Interprocess_Messaging"
0,0,"",1549990028,"Intrusion_Detection"
0,0,"",1549990028,JVM
0,0,"",1549990028,Malware
0,0,"",1549990028,"Network_Resolution"
0,0,"",1549990028,"Network_Sessions"
0,0,"",1549990028,"Network_Traffic"
0,0,"",1549990028,Performance
0,0,"",1549990028,Risk
55788,1,1,1549990028,"Splunk_Audit"
0,0,"",1549990028,"Threat_Intelligence"
0,0,"",1549990028,"Ticket_Management"
0,0,"",1549990028,Updates
0,0,"",1549990028,Vulnerabilities
0,0,"",1549990028,Web
0,0,"",1549990028,"internal_audit_logs"
0,0,"",1549990028,"internal_server"
